age,gender,registration_time_days_before,location_distance_km,event_type,past_attendance_count,reminder_sent,ticket_price,is_weekend_event,attended
56,Male,16,3.55,Tech Talk,8,1,73,0,1
46,Male,11,39.53,Seminar,5,0,536,1,1
32,Female,31,10.87,Seminar,8,0,100,0,1
25,Female,14,13.67,Workshop,1,1,175,0,0
38,Male,15,9.07,Seminar,2,0,426,1,0
56,Female,21,17.18,Seminar,7,1,1140,1,1
36,Male,27,38.08,Tech Talk,0,0,1189,0,0
40,Male,19,26.45,Seminar,9,1,40,0,1
28,Male,32,11.04,Tech Talk,6,1,428,1,1
28,Male,9,44.01,Tech Talk,6,1,343,1,1
41,Female,39,44.1,Seminar,0,1,1447,1,0
53,Female,31,43.66,Workshop,8,0,365,0,0
57,Female,32,12.7,Workshop,7,0,1143,0,1
41,Male,1,23.11,Cultural,3,1,608,0,0
20,Male,32,49.26,Cultural,9,1,656,1,0
39,Male,32,38.83,Seminar,4,0,727,0,0
19,Female,12,2.33,Workshop,1,0,228,1,0
41,Male,29,4.2,Tech Talk,8,1,824,0,1
47,Female,32,23.73,Cultural,5,1,1153,1,0
55,Female,12,45.55,Tech Talk,2,1,1375,0,0
19,Female,25,27.4,Cultural,6,1,888,0,1
38,Female,21,25.39,Seminar,8,1,1341,1,1
50,Female,38,6.17,Workshop,2,0,983,1,1
29,Female,1,33.18,Cultural,1,1,835,0,0
39,Male,37,41.28,Workshop,6,0,1360,1,1
42,Male,38,19.64,Tech Talk,6,0,1296,1,1
44,Female,25,39.0,Seminar,3,0,116,0,0
59,Female,14,48.26,Workshop,8,1,817,1,1
45,Male,33,10.98,Seminar,7,0,367,0,1
33,Female,39,26.64,Workshop,0,0,1117,0,1
32,Female,10,15.07,Tech Talk,0,0,167,1,0
20,Male,2,39.85,Tech Talk,4,0,953,1,1
54,Female,5,29.3,Seminar,5,1,1364,0,1
24,Female,8,32.09,Tech Talk,2,1,660,0,1
38,Female,5,40.1,Cultural,8,0,694,0,1
26,Male,8,20.4,Workshop,9,0,924,0,1
56,Male,38,45.84,Tech Talk,5,1,151,0,0
35,Male,30,27.12,Cultural,3,1,585,0,1
21,Female,31,8.74,Seminar,6,1,912,1,1
42,Female,11,35.1,Cultural,7,0,273,1,1
31,Male,7,39.87,Seminar,8,1,495,1,1
26,Female,7,16.52,Seminar,5,0,100,0,1
43,Female,27,43.0,Workshop,5,0,556,1,0
19,Female,19,45.4,Workshop,7,1,1105,0,0
37,Female,6,14.57,Cultural,4,0,72,0,0
45,Female,10,49.19,Workshop,2,1,1037,1,0
24,Male,19,7.89,Workshop,2,0,1456,0,1
25,Female,15,10.9,Workshop,5,1,156,0,0
52,Male,3,10.03,Cultural,1,0,734,0,0
31,Female,5,44.81,Tech Talk,5,0,131,0,1
34,Male,21,33.06,Workshop,5,1,1361,0,0
53,Female,25,8.45,Workshop,7,1,1018,0,1
57,Male,2,22.58,Cultural,6,1,1427,1,1
21,Female,13,31.15,Tech Talk,7,1,1399,0,1
19,Male,10,5.09,Workshop,8,0,558,0,1
23,Female,17,44.24,Seminar,5,1,106,0,1
59,Male,11,40.38,Cultural,2,1,264,0,1
21,Female,22,25.76,Workshop,9,0,1228,1,1
46,Male,11,48.39,Workshop,2,1,1102,1,1
35,Male,12,21.47,Seminar,0,1,154,0,0
43,Female,24,49.22,Seminar,4,0,987,0,0
51,Female,18,33.73,Cultural,3,1,996,0,1
27,Male,35,32.1,Cultural,8,1,246,1,1
53,Female,7,9.13,Seminar,8,1,530,1,1
31,Male,28,44.21,Cultural,4,1,857,1,0
48,Male,31,21.95,Seminar,9,1,537,1,1
32,Male,17,8.95,Workshop,3,1,728,0,1
25,Female,5,1.62,Seminar,6,0,1177,1,1
31,Male,17,28.43,Seminar,5,1,153,1,0
40,Male,18,26.84,Tech Talk,3,0,91,0,0
57,Female,21,36.25,Seminar,9,0,1456,0,1
38,Female,36,44.62,Seminar,1,0,337,1,1
33,Female,31,4.89,Tech Talk,0,0,1154,1,1
35,Female,2,36.84,Cultural,3,1,449,1,0
41,Male,27,10.18,Tech Talk,3,1,809,1,0
43,Male,9,43.05,Workshop,0,1,786,0,0
42,Male,34,41.13,Tech Talk,5,0,272,0,0
58,Male,28,27.5,Workshop,3,1,587,1,1
46,Female,14,35.8,Cultural,0,1,176,1,0
32,Male,32,16.4,Tech Talk,0,1,830,1,0
18,Male,6,24.09,Tech Talk,0,0,642,1,1
42,Female,11,41.26,Cultural,7,0,1072,1,0
24,Male,29,23.5,Workshop,9,1,566,0,1
26,Male,20,18.53,Tech Talk,7,0,665,0,1
41,Male,30,25.22,Workshop,1,0,1378,0,0
18,Male,23,41.58,Tech Talk,6,1,1331,1,1
25,Male,19,17.43,Seminar,7,0,867,1,1
41,Male,36,9.51,Tech Talk,7,0,1069,0,1
28,Female,3,35.89,Cultural,9,1,301,0,0
34,Female,27,41.47,Cultural,6,0,867,1,1
25,Male,19,5.93,Workshop,4,0,911,0,1
52,Male,23,12.75,Tech Talk,0,0,407,1,0
52,Female,31,7.96,Workshop,8,0,1212,1,1
50,Male,35,18.05,Workshop,6,0,821,0,1
22,Male,33,23.07,Seminar,1,0,1152,0,0
59,Male,35,37.69,Seminar,5,0,560,0,1
56,Female,1,32.91,Cultural,1,0,1289,1,1
58,Male,14,31.43,Workshop,0,1,1141,1,1
45,Female,33,18.27,Cultural,6,1,463,0,0
24,Male,35,42.23,Tech Talk,1,1,143,1,1
26,Female,5,24.09,Workshop,1,1,441,1,0
25,Female,38,48.98,Workshop,4,0,1223,1,1
29,Male,11,32.07,Tech Talk,4,1,1180,0,0
51,Female,2,7.19,Tech Talk,6,1,486,1,1
50,Male,17,34.13,Cultural,0,0,859,0,0
40,Female,39,16.93,Cultural,7,0,1157,0,1
41,Male,20,34.63,Tech Talk,2,0,147,1,0
54,Male,14,4.41,Cultural,3,0,1359,0,0
52,Female,32,9.57,Tech Talk,8,0,1094,1,1
57,Male,34,42.93,Workshop,3,1,1256,0,1
39,Male,25,12.13,Workshop,9,0,1357,0,0
44,Female,7,42.02,Seminar,4,1,810,1,1
52,Male,35,14.68,Workshop,6,1,665,0,1
18,Male,29,32.5,Tech Talk,3,0,89,0,0
52,Female,22,35.01,Cultural,0,1,1357,0,1
54,Female,13,26.12,Seminar,8,1,198,1,1
31,Male,13,15.96,Cultural,3,0,1184,1,1
20,Male,1,11.42,Tech Talk,8,1,537,0,1
18,Female,36,2.63,Workshop,5,1,1144,0,1
22,Female,4,15.89,Seminar,0,1,300,0,1
43,Male,37,33.0,Tech Talk,2,0,723,1,1
31,Female,13,46.98,Seminar,1,0,962,1,1
56,Male,38,43.69,Seminar,8,0,1459,0,1
44,Male,24,38.54,Workshop,0,1,67,1,1
26,Male,19,39.63,Tech Talk,8,0,458,1,0
32,Male,1,33.58,Cultural,8,1,397,1,1
32,Male,38,13.75,Seminar,7,0,619,1,0
43,Female,5,45.45,Seminar,7,1,1309,0,1
59,Female,16,33.87,Cultural,0,0,1163,1,0
30,Female,24,28.46,Tech Talk,7,0,729,1,1
49,Female,27,6.44,Seminar,9,1,555,0,1
56,Male,1,22.91,Seminar,2,0,780,0,0
49,Male,34,23.56,Seminar,6,1,893,1,1
21,Male,36,43.36,Tech Talk,0,0,609,1,0
47,Male,4,27.79,Tech Talk,0,0,747,0,1
54,Female,0,19.64,Cultural,9,1,281,0,1
40,Male,39,48.86,Tech Talk,4,1,660,0,1
56,Male,11,6.43,Tech Talk,4,1,923,1,1
32,Female,35,21.7,Workshop,7,0,995,1,1
46,Female,22,3.06,Cultural,6,1,745,0,1
53,Female,30,37.26,Seminar,7,0,1480,1,1
30,Female,10,45.99,Tech Talk,5,1,86,0,1
49,Male,9,14.72,Seminar,5,1,1102,1,0
24,Male,2,43.06,Seminar,1,1,1228,0,1
39,Female,13,15.32,Workshop,5,1,790,0,1
45,Male,15,45.63,Tech Talk,4,1,1360,1,1
19,Male,9,37.94,Cultural,2,1,1277,1,0
59,Male,28,40.44,Tech Talk,5,0,303,1,1
23,Female,9,1.88,Seminar,7,1,1403,1,0
45,Male,11,48.18,Cultural,8,0,129,1,1
45,Female,29,36.61,Tech Talk,0,1,595,1,1
37,Male,0,15.93,Seminar,2,1,1299,0,0
47,Male,4,41.64,Seminar,2,1,557,1,0
28,Male,19,14.79,Workshop,7,0,898,0,1
45,Female,7,43.76,Workshop,0,0,1206,0,0
42,Male,11,6.52,Workshop,4,1,1291,1,0
56,Female,0,35.48,Seminar,2,0,1345,0,0
50,Female,19,27.49,Tech Talk,1,1,77,0,1
18,Female,27,5.73,Workshop,7,1,783,1,1
44,Male,36,12.85,Tech Talk,2,0,1362,1,0
30,Male,36,1.61,Workshop,6,0,673,1,0
58,Male,11,23.97,Cultural,0,0,237,0,0
20,Male,36,15.76,Cultural,5,0,1157,1,1
56,Female,27,30.32,Workshop,2,1,1215,1,0
23,Female,14,15.56,Seminar,7,0,1379,1,1
25,Female,5,15.7,Workshop,5,0,277,1,1
44,Male,19,37.42,Workshop,1,1,1041,0,0
26,Female,13,3.36,Seminar,5,0,523,1,1
54,Male,1,45.24,Cultural,6,0,179,0,1
50,Female,8,42.76,Tech Talk,4,0,122,1,0
59,Male,36,33.72,Workshop,2,0,1269,0,1
41,Male,19,30.07,Seminar,3,1,1396,0,1
32,Female,25,44.72,Workshop,3,1,1074,0,0
49,Female,28,10.08,Seminar,5,0,1094,1,1
49,Female,0,4.87,Tech Talk,9,0,479,0,1
41,Female,34,12.74,Tech Talk,0,1,1042,1,1
58,Male,5,39.93,Cultural,3,0,83,1,0
29,Female,36,2.7,Seminar,9,0,1178,1,1
56,Female,4,29.56,Seminar,3,0,564,1,1
19,Female,32,49.78,Cultural,9,0,618,1,1
20,Male,13,42.93,Cultural,0,0,356,0,0
54,Male,11,26.55,Seminar,8,0,815,1,1
34,Female,19,4.12,Cultural,3,0,646,0,1
19,Male,23,41.74,Tech Talk,6,0,442,0,1
19,Female,33,30.35,Workshop,2,0,1092,0,0
45,Male,24,6.63,Tech Talk,9,1,522,0,1
40,Male,28,5.6,Cultural,2,1,142,0,1
54,Male,38,45.57,Seminar,7,1,191,0,1
49,Male,30,33.79,Seminar,7,0,1410,0,1
50,Female,22,41.64,Tech Talk,0,0,377,1,0
18,Female,37,44.07,Seminar,9,1,580,0,1
36,Female,19,29.02,Cultural,1,0,534,1,1
19,Male,22,26.35,Tech Talk,7,1,1316,0,1
43,Female,15,22.09,Seminar,0,0,1032,0,0
49,Female,7,16.53,Workshop,7,1,1294,0,1
23,Female,20,22.3,Workshop,7,1,1410,0,1
49,Male,0,38.92,Cultural,1,1,92,1,1
21,Male,7,30.49,Seminar,3,0,528,1,1
28,Male,28,44.73,Cultural,5,1,1177,1,1
34,Female,31,22.73,Tech Talk,8,0,404,0,1
55,Female,37,30.75,Workshop,7,0,839,0,0
41,Female,4,31.93,Tech Talk,7,0,1172,0,1
22,Male,21,29.99,Seminar,6,0,888,1,1
51,Male,33,35.43,Cultural,8,0,1290,0,1
23,Female,0,12.63,Cultural,1,0,421,1,1
39,Male,25,26.11,Cultural,2,0,471,1,1
28,Male,9,6.11,Tech Talk,9,1,892,0,1
33,Male,29,19.84,Workshop,7,1,546,0,1
50,Male,17,24.9,Tech Talk,5,1,630,1,0
26,Female,16,32.96,Tech Talk,9,0,1037,1,0
23,Male,25,47.58,Seminar,8,0,777,1,1
33,Male,7,30.43,Seminar,9,0,363,0,1
46,Male,39,37.44,Seminar,3,0,118,0,1
20,Male,11,25.81,Workshop,7,1,1261,0,1
37,Female,26,32.07,Workshop,9,0,545,0,0
53,Female,7,4.48,Seminar,2,1,1192,0,1
36,Male,24,13.47,Seminar,2,0,521,0,0
43,Male,3,18.73,Workshop,7,1,633,1,1
20,Male,32,24.15,Cultural,4,0,962,1,0
36,Male,0,3.24,Workshop,2,1,957,1,0
37,Male,18,7.86,Workshop,9,0,882,0,1
49,Male,30,14.56,Workshop,0,1,779,1,0
24,Female,15,48.61,Seminar,2,0,870,0,0
58,Male,13,17.24,Cultural,8,1,515,0,1
50,Female,4,24.62,Workshop,4,1,937,1,0
57,Female,25,10.61,Seminar,9,0,1420,0,1
56,Male,27,30.93,Tech Talk,1,1,865,1,0
35,Female,1,14.75,Tech Talk,6,0,105,1,1
57,Female,5,11.14,Workshop,1,0,1108,0,0
18,Female,8,26.31,Tech Talk,3,0,213,1,0
28,Female,32,1.27,Cultural,6,1,1144,1,1
45,Female,24,1.38,Tech Talk,3,1,1155,1,1
42,Female,12,11.73,Tech Talk,6,0,849,1,1
40,Male,8,2.8,Cultural,6,0,196,0,1
48,Female,12,6.29,Workshop,0,1,18,1,1
47,Female,30,17.6,Workshop,5,1,641,1,1
59,Female,10,40.33,Cultural,8,1,1035,1,1
52,Male,3,29.03,Cultural,1,0,1104,0,0
24,Female,33,26.12,Cultural,2,0,329,1,1
33,Male,37,15.38,Tech Talk,9,0,865,0,1
43,Female,3,46.66,Cultural,4,0,773,1,0
19,Male,37,20.45,Seminar,8,0,391,1,0
18,Male,18,5.27,Tech Talk,3,1,636,1,1
29,Female,5,31.24,Workshop,0,0,306,0,0
22,Female,33,6.58,Workshop,3,1,1290,0,1
54,Male,17,17.92,Workshop,5,1,1470,0,1
49,Female,12,25.86,Tech Talk,4,0,1464,0,0
26,Male,22,43.84,Seminar,0,1,894,0,0
58,Male,18,25.18,Cultural,3,0,651,0,1
52,Male,10,35.41,Cultural,5,1,840,1,1
36,Male,0,49.65,Workshop,9,0,1025,0,0
33,Male,23,7.44,Workshop,9,0,519,1,1
20,Female,6,14.46,Tech Talk,3,1,635,0,0
37,Male,24,20.33,Seminar,8,0,1332,0,1
41,Male,20,21.67,Cultural,4,1,739,0,1
50,Female,14,21.14,Tech Talk,7,0,468,1,1
41,Male,0,45.47,Cultural,8,0,211,0,1
28,Female,11,35.99,Workshop,9,0,1135,0,1
25,Female,6,30.79,Cultural,4,1,1031,1,1
53,Female,14,16.16,Seminar,5,1,803,1,0
55,Male,20,41.37,Seminar,0,0,476,1,0
57,Male,18,47.8,Workshop,6,1,873,1,1
37,Male,28,41.24,Seminar,3,0,459,0,0
52,Female,24,1.08,Seminar,1,1,252,1,1
42,Male,32,32.18,Tech Talk,4,1,751,0,1
52,Female,31,3.51,Cultural,2,0,1461,0,1
42,Male,34,13.62,Workshop,5,0,980,1,1
46,Female,37,3.92,Workshop,7,0,853,0,1
35,Male,25,30.59,Workshop,6,0,235,1,1
35,Male,10,34.64,Workshop,2,0,1329,0,0
19,Male,34,6.61,Workshop,7,1,477,1,1
52,Female,7,19.81,Seminar,1,1,678,1,1
33,Female,13,23.36,Tech Talk,9,0,1043,1,1
58,Male,9,19.08,Workshop,8,0,215,1,1
53,Male,1,6.93,Tech Talk,3,0,854,1,1
50,Female,8,21.53,Tech Talk,0,1,134,1,0
21,Female,2,37.81,Seminar,7,0,904,0,1
50,Female,20,4.48,Workshop,6,0,1152,0,1
31,Male,25,4.93,Seminar,4,1,409,0,0
38,Female,7,18.38,Workshop,9,1,1445,1,1
37,Male,1,47.14,Seminar,4,1,1317,0,0
25,Female,5,33.76,Tech Talk,6,1,1269,1,1
24,Male,27,34.25,Workshop,4,0,85,0,1
20,Female,28,18.73,Cultural,7,1,555,0,1
34,Female,25,30.09,Tech Talk,5,1,1398,1,1
50,Female,24,1.5,Cultural,4,0,1469,0,1
29,Female,11,32.17,Tech Talk,8,0,377,0,1
39,Female,4,45.75,Seminar,1,0,1413,0,0
39,Male,33,31.02,Workshop,0,1,1074,1,0
47,Female,36,43.81,Tech Talk,7,0,241,0,0
55,Female,14,36.47,Seminar,2,1,1317,1,1
55,Female,35,6.91,Workshop,6,1,919,0,1
25,Male,14,45.22,Workshop,9,1,265,0,1
44,Female,22,4.26,Tech Talk,7,0,1143,0,0
44,Male,5,27.16,Workshop,5,1,711,0,0
51,Female,20,7.96,Tech Talk,9,0,1271,1,1
38,Female,22,1.57,Workshop,8,0,69,0,1
47,Male,15,21.68,Cultural,6,0,56,1,0
50,Female,14,15.46,Seminar,9,1,1405,1,1
45,Male,24,24.81,Cultural,4,1,38,0,0
50,Male,35,29.28,Tech Talk,7,1,800,0,1
22,Female,10,3.14,Cultural,1,0,1466,1,1
36,Male,14,7.03,Tech Talk,6,1,1041,1,1
21,Female,3,28.37,Workshop,3,1,731,0,0
52,Female,20,17.82,Workshop,8,1,824,0,1
34,Male,12,36.73,Tech Talk,0,1,755,0,0
45,Male,21,32.96,Cultural,6,1,351,0,0
47,Male,18,42.43,Workshop,5,0,1321,0,0
46,Male,33,34.93,Seminar,7,0,282,1,1
23,Female,13,22.07,Workshop,4,0,109,0,1
52,Female,3,33.98,Seminar,0,0,1016,0,0
58,Male,26,14.49,Cultural,0,1,1203,1,0
54,Female,28,16.01,Seminar,8,0,543,0,1
41,Female,27,39.66,Seminar,9,1,24,0,1
46,Female,34,22.87,Seminar,5,0,842,1,1
48,Female,7,40.12,Seminar,9,0,790,0,0
52,Male,15,41.3,Workshop,4,0,737,1,0
50,Male,35,43.02,Seminar,0,1,56,0,0
38,Female,29,45.92,Workshop,5,1,179,0,1
49,Male,17,22.12,Seminar,5,0,231,0,0
40,Male,1,16.62,Tech Talk,2,1,342,1,0
50,Male,12,29.53,Cultural,7,0,476,1,1
20,Female,3,19.19,Seminar,0,0,575,1,0
35,Female,25,30.45,Tech Talk,0,0,454,1,0
42,Female,24,35.57,Seminar,5,1,1255,0,1
59,Male,29,34.73,Seminar,9,0,288,1,1
48,Female,10,19.35,Seminar,0,0,1236,1,0
20,Female,6,9.18,Tech Talk,5,0,257,1,0
57,Male,30,22.1,Cultural,0,1,529,0,1
41,Female,9,7.99,Tech Talk,5,0,686,0,1
49,Female,38,44.61,Cultural,2,1,928,1,1
39,Male,12,17.95,Seminar,7,0,228,1,1
40,Male,30,8.57,Workshop,5,1,1249,0,1
19,Male,6,2.25,Seminar,0,0,595,1,0
44,Female,35,32.65,Cultural,4,0,434,1,0
59,Female,19,32.21,Tech Talk,7,1,881,1,1
19,Female,3,17.69,Seminar,2,1,1020,1,0
43,Male,6,4.51,Tech Talk,5,0,401,0,1
34,Male,0,21.07,Tech Talk,4,1,621,0,0
57,Female,12,16.25,Tech Talk,5,0,87,0,1
50,Female,21,34.18,Seminar,9,0,583,1,1
26,Male,20,30.68,Tech Talk,0,0,308,1,0
56,Male,21,18.87,Tech Talk,6,1,905,0,1
46,Male,27,11.68,Seminar,8,0,342,0,1
59,Male,8,49.41,Tech Talk,1,1,435,0,0
43,Female,25,23.25,Seminar,9,0,176,1,1
52,Male,8,34.73,Cultural,4,1,138,0,0
42,Female,14,7.89,Cultural,9,1,193,1,1
41,Female,9,24.79,Cultural,3,0,1209,1,0
30,Female,23,2.35,Tech Talk,5,1,1241,0,1
24,Male,7,25.77,Workshop,5,0,1187,0,0
53,Male,23,48.24,Workshop,1,0,1184,1,0
37,Male,15,19.83,Tech Talk,1,0,942,0,0
18,Male,25,2.91,Workshop,3,0,524,0,0
25,Female,26,2.52,Seminar,0,0,1065,1,0
33,Male,36,20.01,Workshop,8,1,914,1,1
31,Male,3,8.84,Tech Talk,6,0,209,1,1
29,Female,23,2.14,Tech Talk,6,1,740,1,1
40,Male,18,38.05,Seminar,2,1,861,1,1
32,Female,35,23.47,Cultural,2,0,1298,0,0
45,Female,38,15.17,Tech Talk,0,1,953,1,1
51,Female,9,45.1,Seminar,2,0,1302,1,1
19,Female,24,6.69,Workshop,2,1,1274,1,1
49,Female,17,47.84,Workshop,3,1,1333,0,1
40,Female,18,16.38,Seminar,3,1,832,1,1
39,Female,35,44.53,Seminar,2,0,139,1,0
42,Female,9,30.54,Tech Talk,9,1,791,1,1
39,Male,32,41.51,Workshop,7,0,545,0,0
39,Male,4,49.22,Seminar,7,1,1016,1,0
59,Male,34,15.13,Workshop,0,1,56,1,1
23,Male,33,48.1,Seminar,6,1,111,1,0
32,Female,32,20.08,Workshop,1,1,4,0,1
54,Male,20,19.89,Cultural,0,0,1433,0,1
50,Female,16,17.68,Tech Talk,2,0,1437,0,0
25,Male,21,27.53,Workshop,3,1,1205,0,1
22,Male,36,8.55,Cultural,5,1,1036,1,1
56,Male,14,28.13,Workshop,9,0,1362,1,1
21,Female,34,27.54,Workshop,4,0,1282,0,0
23,Male,27,38.33,Cultural,3,0,89,0,0
49,Female,6,41.85,Workshop,7,0,615,1,1
47,Female,31,22.58,Workshop,3,1,890,1,0
52,Male,10,15.81,Tech Talk,9,1,697,0,1
57,Male,9,13.71,Cultural,1,0,1273,0,0
33,Male,8,10.54,Cultural,2,0,1278,0,1
30,Female,13,3.82,Seminar,5,0,897,0,1
59,Male,12,17.78,Workshop,7,0,970,1,1
47,Female,24,14.24,Tech Talk,7,0,1131,0,1
36,Female,1,48.35,Workshop,8,0,667,0,0
34,Male,34,28.33,Workshop,6,1,593,1,0
36,Male,6,18.02,Seminar,1,1,588,1,0
45,Female,20,29.44,Workshop,7,1,484,1,1
43,Female,17,7.82,Tech Talk,6,0,981,1,1
54,Female,2,22.76,Tech Talk,7,0,971,1,1
43,Male,38,31.69,Seminar,2,0,1281,0,1
40,Female,10,24.96,Workshop,6,1,638,0,1
26,Male,38,20.69,Tech Talk,9,0,996,0,0
29,Female,23,49.7,Workshop,8,0,281,1,1
18,Female,18,44.14,Workshop,2,1,985,0,1
18,Male,3,31.55,Workshop,9,0,1111,1,1
51,Female,25,28.9,Seminar,5,1,1227,0,1
49,Male,37,31.41,Workshop,1,1,15,0,1
42,Male,31,10.86,Tech Talk,1,0,1174,1,1
57,Female,38,20.36,Workshop,4,1,935,1,1
18,Male,35,2.93,Tech Talk,4,0,253,0,1
33,Male,39,24.3,Workshop,6,1,1211,0,1
56,Female,36,27.61,Tech Talk,1,0,328,0,1
22,Male,32,12.16,Tech Talk,6,1,543,0,1
39,Male,35,48.24,Workshop,4,0,782,0,1
46,Male,2,45.56,Workshop,5,1,996,1,0
20,Female,8,36.39,Tech Talk,7,1,1420,1,0
29,Male,7,27.14,Cultural,9,1,1482,1,1
43,Female,32,43.63,Seminar,3,0,1353,1,0
33,Female,5,7.4,Cultural,6,0,844,0,0
54,Male,38,39.73,Cultural,5,1,1192,0,1
39,Male,3,7.12,Workshop,9,0,365,1,1
46,Male,12,39.92,Seminar,1,1,1201,0,0
31,Female,1,14.51,Cultural,7,0,654,1,1
45,Male,4,43.98,Workshop,9,1,1385,0,1
22,Male,26,47.26,Cultural,8,0,759,0,0
47,Male,31,8.29,Cultural,4,1,638,0,1
22,Male,20,23.67,Workshop,9,1,1063,1,1
29,Male,7,49.07,Workshop,3,1,923,1,1
33,Female,37,24.69,Workshop,5,1,415,1,0
43,Female,7,43.31,Seminar,7,0,1378,1,1
43,Male,2,29.85,Cultural,2,1,254,0,0
38,Male,2,19.39,Workshop,9,0,1166,0,1
56,Male,21,15.0,Tech Talk,0,0,709,0,0
53,Male,5,10.96,Cultural,3,1,576,0,1
50,Female,1,38.33,Tech Talk,3,0,899,1,0
47,Male,22,19.94,Seminar,0,0,10,0,0
54,Female,1,26.05,Workshop,8,0,25,0,1
40,Female,37,25.12,Tech Talk,2,1,956,0,1
27,Male,16,29.29,Seminar,4,0,420,1,1
22,Female,34,43.41,Workshop,5,0,1244,1,0
53,Female,33,49.06,Tech Talk,7,1,495,1,1
51,Female,22,20.97,Tech Talk,5,1,1260,0,1
48,Female,29,41.55,Seminar,2,0,236,1,0
27,Male,7,38.46,Workshop,5,1,1008,0,0
36,Male,21,29.1,Workshop,0,0,218,0,1
49,Female,35,47.85,Tech Talk,3,0,460,0,1
18,Male,4,10.82,Tech Talk,5,0,662,1,1
22,Male,12,6.35,Tech Talk,6,1,634,1,1
21,Male,28,42.84,Workshop,9,0,1167,0,1
33,Male,30,22.52,Seminar,2,1,989,0,1
41,Male,15,42.5,Seminar,8,1,188,1,1
33,Female,29,44.76,Workshop,6,0,254,1,0
19,Male,15,4.06,Cultural,0,1,67,1,1
45,Male,11,44.29,Seminar,1,1,615,0,1
49,Male,16,22.97,Tech Talk,0,1,335,0,0
44,Male,15,26.01,Cultural,8,1,670,0,0
37,Female,11,31.7,Cultural,8,1,820,1,1
41,Female,7,46.39,Seminar,6,0,873,1,0
29,Female,19,1.94,Cultural,9,1,1432,1,1
52,Female,2,24.37,Cultural,2,0,299,0,1
50,Male,15,34.7,Seminar,4,0,356,0,0
50,Female,29,36.41,Seminar,3,0,255,1,1
54,Male,22,34.93,Cultural,6,0,1007,0,1
29,Male,27,7.59,Tech Talk,8,0,352,1,1
20,Male,39,15.67,Workshop,1,0,523,0,1
18,Male,4,18.58,Cultural,7,1,949,1,0
50,Male,19,40.42,Cultural,8,1,755,0,1
57,Female,39,14.66,Tech Talk,9,1,283,0,1
27,Female,0,11.32,Cultural,9,0,1335,1,1
46,Female,29,47.91,Cultural,8,1,98,1,1
30,Female,20,1.43,Workshop,9,1,196,1,1
29,Male,19,49.89,Workshop,6,1,481,1,1
48,Female,5,34.16,Workshop,8,0,877,1,0
19,Male,21,41.59,Seminar,8,1,1249,0,1
52,Female,17,15.44,Seminar,2,0,614,1,0
40,Male,7,1.7,Workshop,3,1,617,1,0
34,Male,38,37.16,Workshop,1,0,1388,1,0
43,Female,31,41.87,Seminar,9,0,367,0,1
25,Male,32,37.28,Tech Talk,2,0,569,1,0
46,Male,15,8.0,Cultural,4,1,589,1,1
43,Female,11,37.92,Cultural,4,1,1098,1,0
27,Male,37,38.68,Workshop,5,0,1065,0,0
43,Female,33,33.27,Tech Talk,6,1,421,0,0
51,Female,13,38.54,Seminar,6,0,835,1,1
58,Female,35,42.45,Workshop,0,0,1204,0,0
24,Male,32,31.07,Tech Talk,1,1,544,1,0
21,Male,22,5.34,Tech Talk,8,1,70,0,1
28,Male,1,24.89,Tech Talk,9,1,1128,1,1
46,Female,20,4.8,Seminar,1,0,1223,0,1
53,Male,1,20.97,Seminar,5,0,1124,1,1
42,Female,26,20.95,Cultural,0,1,767,1,0
38,Female,8,4.23,Cultural,2,0,306,0,0
53,Male,0,18.09,Tech Talk,1,1,376,1,1
27,Female,10,6.44,Tech Talk,2,0,654,1,1
54,Male,2,40.6,Seminar,4,1,677,1,0
26,Male,22,47.44,Cultural,9,1,398,1,1
41,Male,25,4.54,Tech Talk,5,0,220,0,0
52,Male,3,47.8,Cultural,8,1,181,1,1
52,Male,17,26.61,Cultural,9,1,306,0,1
53,Female,5,15.68,Tech Talk,3,0,521,0,0
35,Female,34,4.77,Seminar,6,1,1419,0,0
56,Female,21,25.53,Tech Talk,5,0,1013,0,0
49,Male,14,39.93,Tech Talk,1,1,3,1,0
41,Male,21,35.65,Cultural,9,0,862,1,1
40,Male,36,3.46,Tech Talk,7,1,847,0,1
49,Female,11,4.57,Seminar,6,1,803,1,1
54,Male,37,20.74,Tech Talk,6,1,1304,0,1
29,Female,17,15.47,Seminar,7,1,214,1,1
30,Female,34,12.39,Seminar,0,0,971,1,1
40,Male,29,14.77,Cultural,0,0,1443,1,1
42,Male,23,40.37,Workshop,7,0,100,0,1
52,Female,29,46.53,Workshop,3,0,962,0,1
58,Male,13,20.85,Cultural,4,0,572,1,1
47,Female,5,45.4,Tech Talk,7,0,1332,0,1
34,Male,2,16.75,Cultural,4,0,657,0,1
37,Male,15,24.35,Seminar,9,1,938,1,1
42,Female,6,12.08,Workshop,3,1,1086,0,1
39,Male,13,32.38,Cultural,5,1,225,1,1
30,Female,8,48.97,Tech Talk,4,1,104,1,1
36,Male,14,30.57,Cultural,6,0,771,1,0
53,Female,20,18.53,Workshop,9,0,1448,0,1
29,Female,34,32.74,Cultural,6,0,1278,1,0
58,Male,1,7.02,Cultural,3,1,428,1,1
36,Female,26,44.54,Workshop,4,0,433,0,0
29,Male,1,25.65,Seminar,2,1,1230,0,1
26,Male,34,23.02,Seminar,3,0,1051,0,0
24,Male,17,29.71,Workshop,3,0,681,0,0
45,Female,13,31.61,Cultural,2,0,1359,1,0
31,Female,19,4.52,Workshop,9,0,587,0,1
48,Male,17,34.45,Seminar,4,1,1092,0,0
36,Male,9,12.85,Tech Talk,4,1,865,0,0
33,Female,24,35.98,Cultural,6,0,745,0,0
22,Male,1,41.3,Seminar,3,1,1190,1,1
52,Male,24,40.39,Cultural,3,0,863,0,1
29,Female,32,28.07,Workshop,8,0,367,1,0
42,Male,35,26.49,Tech Talk,5,0,250,0,1
38,Female,30,8.0,Workshop,3,0,858,1,0
53,Male,13,38.99,Tech Talk,1,1,855,1,0
40,Female,0,14.3,Cultural,5,0,1193,0,0
33,Male,15,25.34,Cultural,1,0,1113,1,0
56,Male,2,14.93,Workshop,4,1,560,0,1
59,Female,34,7.56,Tech Talk,5,0,1469,1,1
56,Male,5,31.85,Tech Talk,3,1,293,1,0
31,Female,24,3.66,Cultural,2,0,918,1,1
48,Male,12,37.68,Workshop,6,0,1173,0,1
22,Female,33,16.56,Tech Talk,1,0,1155,1,1
52,Female,7,1.01,Cultural,5,0,432,0,1
40,Female,20,26.05,Seminar,3,0,58,1,0
46,Female,33,3.3,Workshop,5,0,968,1,1
28,Male,3,14.53,Seminar,3,1,835,1,1
35,Male,24,35.64,Workshop,3,0,198,1,1
29,Female,14,4.07,Cultural,3,1,214,1,0
26,Female,3,42.13,Tech Talk,8,1,897,1,1
27,Female,11,1.19,Tech Talk,6,0,471,0,0
34,Male,31,13.09,Tech Talk,2,1,246,0,0
55,Male,31,37.3,Workshop,2,0,381,0,0
24,Male,27,16.5,Cultural,5,1,990,1,1
30,Male,12,5.99,Seminar,5,0,1262,0,0
57,Female,30,18.65,Cultural,3,1,926,1,1
59,Female,13,14.25,Seminar,8,1,1390,0,1
26,Female,19,42.29,Workshop,3,0,1191,0,0
44,Male,17,16.35,Workshop,8,1,559,1,1
19,Male,28,39.66,Seminar,3,0,1074,1,0
22,Male,5,44.7,Seminar,1,0,688,0,0
46,Female,31,22.26,Seminar,1,0,379,0,0
54,Female,28,45.59,Cultural,4,0,473,0,1
55,Male,1,19.49,Seminar,3,0,1103,0,1
36,Female,22,48.24,Workshop,6,1,696,1,1
25,Male,18,5.38,Workshop,4,1,1390,0,1
18,Male,30,34.66,Tech Talk,5,1,1484,1,1
39,Female,4,25.2,Seminar,9,0,910,1,1
34,Male,18,19.99,Cultural,3,1,1475,0,0
24,Female,33,32.0,Cultural,1,1,1487,1,0
42,Male,9,35.49,Cultural,9,1,959,0,1
21,Female,24,1.21,Tech Talk,8,1,477,1,1
53,Female,1,9.18,Workshop,9,1,1003,1,1
23,Female,10,35.94,Cultural,6,0,925,0,1
48,Male,30,33.65,Workshop,3,0,1443,1,0
36,Male,14,48.34,Tech Talk,2,1,706,1,0
56,Female,8,38.29,Seminar,9,0,1237,0,0
44,Female,22,47.59,Seminar,2,0,1392,1,0
27,Male,18,35.42,Seminar,8,1,853,1,1
43,Male,8,15.6,Cultural,4,1,1137,0,1
36,Male,34,6.16,Seminar,2,0,1016,0,1
56,Female,20,39.31,Cultural,4,1,753,1,0
20,Male,8,32.56,Tech Talk,1,0,502,1,0
30,Male,27,3.36,Tech Talk,3,0,816,1,0
45,Female,6,18.64,Cultural,9,1,587,0,1
37,Male,15,47.88,Workshop,1,0,1334,1,0
45,Male,15,25.52,Seminar,1,0,1492,1,0
25,Male,32,22.2,Seminar,7,0,707,1,1
58,Female,3,23.43,Seminar,0,1,1067,1,0
56,Female,3,11.24,Cultural,6,1,1438,1,1
18,Female,38,19.07,Tech Talk,4,1,1269,1,1
20,Female,39,19.12,Seminar,7,1,1107,0,1
30,Female,16,3.57,Tech Talk,0,0,206,0,0
45,Female,36,38.61,Seminar,6,1,150,1,1
42,Female,38,21.41,Seminar,4,1,667,1,1
50,Male,28,41.29,Cultural,3,1,527,0,0
55,Male,35,42.67,Workshop,6,1,164,0,1
23,Female,37,11.39,Cultural,9,0,916,0,1
49,Male,38,33.21,Seminar,1,0,1168,1,1
38,Male,36,24.14,Seminar,0,0,1009,1,0
33,Female,34,44.13,Workshop,0,1,36,1,1
38,Male,6,11.57,Tech Talk,0,1,332,1,0
28,Male,26,34.21,Tech Talk,4,0,402,0,1
54,Male,27,30.78,Seminar,9,1,413,0,1
53,Male,21,15.47,Tech Talk,6,1,44,0,1
52,Male,13,7.69,Seminar,1,0,1425,0,1
36,Female,6,32.93,Workshop,9,0,205,1,1
37,Female,36,37.19,Workshop,7,1,61,1,1
35,Female,21,16.47,Seminar,3,1,419,0,1
58,Male,4,32.6,Workshop,2,1,867,0,1
31,Female,1,20.36,Cultural,9,0,1491,0,1
32,Male,26,35.95,Cultural,7,0,819,0,0
48,Male,20,10.76,Workshop,1,0,18,0,0
18,Male,37,44.62,Seminar,2,0,364,1,1
20,Male,14,15.08,Seminar,2,1,1323,1,0
33,Female,20,19.02,Workshop,9,0,1030,0,1
40,Female,9,3.85,Tech Talk,0,0,427,0,0
28,Male,22,6.46,Cultural,5,1,1140,0,1
29,Female,38,26.28,Tech Talk,1,1,579,1,1
27,Male,4,14.11,Seminar,0,1,545,1,0
49,Female,0,41.94,Seminar,1,0,324,1,0
33,Female,12,1.72,Tech Talk,5,1,54,0,0
25,Male,20,19.58,Workshop,3,1,777,1,1
55,Female,25,17.53,Tech Talk,5,0,991,0,0
29,Male,20,1.95,Tech Talk,8,0,41,1,1
41,Female,17,7.09,Cultural,9,1,1320,1,1
45,Male,36,21.27,Cultural,9,0,230,1,1
25,Male,31,25.15,Tech Talk,7,1,452,0,1
45,Female,35,20.81,Tech Talk,0,1,393,0,0
53,Female,16,27.02,Seminar,7,0,1381,1,1
43,Male,34,30.16,Cultural,8,1,1467,0,0
25,Female,10,1.49,Cultural,5,0,1151,0,1
45,Female,20,23.74,Seminar,9,0,690,0,1
45,Male,25,48.21,Workshop,4,0,1428,0,0
54,Male,3,26.43,Cultural,5,1,391,0,0
58,Female,33,34.2,Cultural,5,0,1216,0,1
53,Male,17,16.28,Workshop,8,0,603,0,1
44,Male,39,38.93,Cultural,3,1,880,1,1
34,Male,34,38.87,Cultural,1,1,1101,0,1
26,Female,28,26.54,Workshop,8,1,84,0,1
50,Female,28,48.82,Workshop,1,1,1053,1,0
37,Male,37,7.15,Tech Talk,9,0,48,1,1
30,Female,20,1.83,Seminar,8,0,1168,1,1
45,Male,12,38.74,Seminar,1,0,68,1,0
46,Female,16,40.55,Workshop,7,1,1081,0,1
30,Male,8,6.89,Workshop,8,1,696,1,1
52,Male,0,14.01,Cultural,9,0,478,1,1
23,Female,1,1.86,Tech Talk,8,1,819,0,1
35,Male,28,15.37,Tech Talk,9,1,1468,0,1
22,Female,32,38.88,Workshop,8,0,1319,0,1
42,Female,9,26.38,Cultural,1,0,1194,1,0
19,Male,39,18.06,Cultural,3,1,146,0,1
27,Male,20,19.22,Seminar,6,1,1329,1,1
47,Female,27,1.07,Seminar,1,1,1015,0,1
22,Male,10,15.69,Cultural,0,0,608,0,1
50,Male,33,32.68,Seminar,2,0,445,1,1
18,Male,7,48.74,Workshop,3,0,220,0,0
35,Male,21,42.51,Cultural,7,0,1401,0,0
49,Male,7,2.16,Seminar,5,0,1289,0,0
28,Female,14,45.03,Tech Talk,1,1,94,0,1
38,Female,16,39.38,Cultural,8,1,261,0,1
43,Male,22,39.24,Cultural,1,1,896,1,1
42,Male,23,23.44,Tech Talk,4,0,1094,1,1
39,Male,18,20.5,Workshop,3,0,218,0,1
44,Female,4,15.84,Tech Talk,6,0,91,1,1
30,Male,31,4.22,Cultural,7,1,126,1,1
50,Female,0,12.18,Workshop,4,0,79,1,1
51,Female,22,13.08,Seminar,9,0,1261,0,1
58,Female,36,24.72,Seminar,4,1,982,0,1
52,Male,7,37.62,Seminar,1,0,1395,0,0
18,Female,12,24.22,Cultural,7,1,915,1,1
38,Male,7,3.83,Tech Talk,1,0,485,1,1
23,Female,22,47.93,Workshop,9,0,693,0,1
45,Male,0,47.19,Seminar,5,1,24,0,0
34,Female,23,39.47,Workshop,7,1,155,1,0
22,Male,34,49.58,Cultural,5,1,631,1,0
48,Female,23,27.68,Seminar,3,1,1080,0,1
22,Male,16,48.18,Cultural,3,1,18,1,0
55,Male,4,4.7,Tech Talk,5,1,1407,1,1
20,Male,19,18.92,Cultural,3,0,1216,1,1
40,Male,20,12.04,Cultural,7,0,236,1,1
54,Female,39,10.6,Tech Talk,8,1,1410,1,1
54,Female,30,7.9,Workshop,0,0,1449,1,1
27,Male,35,31.5,Tech Talk,3,1,276,1,1
27,Female,10,39.28,Tech Talk,3,0,1250,0,1
36,Male,14,29.34,Cultural,1,1,744,0,1
34,Male,18,8.2,Workshop,5,0,551,1,1
38,Female,6,40.75,Seminar,2,0,1346,1,0
31,Male,27,32.16,Tech Talk,6,0,1176,1,0
26,Male,4,20.02,Workshop,4,0,638,0,1
18,Female,4,34.03,Tech Talk,3,0,236,0,0
30,Male,29,13.74,Tech Talk,4,1,997,1,1
21,Male,31,17.91,Tech Talk,7,1,54,0,1
18,Male,7,45.96,Tech Talk,2,1,1459,1,0
57,Male,9,15.23,Cultural,6,0,683,1,0
49,Female,37,24.03,Workshop,5,1,108,1,1
51,Female,31,44.62,Workshop,0,0,1207,1,0
45,Female,27,35.68,Workshop,6,0,1391,1,0
48,Male,16,4.05,Tech Talk,6,0,1221,1,0
25,Male,30,8.22,Cultural,0,1,1394,1,1
56,Female,7,1.38,Tech Talk,8,0,372,0,1
43,Male,39,31.92,Tech Talk,5,1,972,1,0
51,Male,24,22.94,Workshop,1,1,200,0,0
20,Male,8,7.58,Tech Talk,4,0,848,1,1
29,Male,1,47.94,Seminar,3,0,508,1,0
18,Female,14,26.95,Tech Talk,6,1,1345,0,1
22,Female,2,12.85,Seminar,7,1,274,0,1
47,Female,35,25.53,Tech Talk,0,1,210,1,0
47,Male,3,34.3,Cultural,4,1,503,0,1
34,Female,13,4.74,Cultural,2,1,1141,1,1
40,Female,24,14.46,Workshop,0,1,702,1,0
32,Male,9,40.54,Tech Talk,2,0,41,0,0
54,Male,20,23.52,Seminar,5,1,314,0,1
38,Female,35,27.78,Seminar,6,1,787,0,1
31,Female,11,22.21,Tech Talk,7,1,328,0,1
19,Female,26,3.15,Seminar,3,1,1040,1,1
28,Female,39,9.12,Cultural,2,0,282,0,0
56,Male,1,22.83,Seminar,4,0,942,0,0
55,Female,12,11.25,Workshop,8,1,257,0,1
51,Female,31,3.45,Cultural,5,1,574,0,1
55,Male,30,42.34,Cultural,8,1,573,0,1
51,Female,15,49.08,Cultural,5,0,611,1,1
35,Male,31,39.86,Tech Talk,1,0,1042,1,1
47,Male,31,42.84,Tech Talk,4,0,836,0,0
32,Male,33,12.86,Cultural,8,0,422,0,1
44,Female,10,48.07,Tech Talk,7,0,1489,1,1
51,Female,9,10.65,Seminar,6,0,1396,0,1
55,Male,14,47.62,Tech Talk,0,1,757,1,0
50,Female,16,49.75,Tech Talk,3,0,762,1,1
41,Female,39,35.87,Cultural,6,0,1104,0,1
32,Male,17,49.08,Workshop,6,1,423,1,1
47,Male,8,28.91,Workshop,5,0,428,0,0
59,Female,24,13.72,Workshop,7,1,1411,0,1
34,Male,39,22.41,Seminar,5,0,203,1,1
22,Female,13,30.08,Tech Talk,9,1,195,1,1
46,Female,24,4.58,Workshop,2,1,727,0,1
21,Female,21,31.49,Cultural,3,1,284,1,1
27,Female,29,49.08,Workshop,2,1,195,0,1
34,Male,19,10.32,Workshop,0,1,306,1,0
27,Male,20,39.84,Tech Talk,9,0,13,1,0
34,Male,31,45.49,Tech Talk,4,0,1169,0,0
37,Male,20,47.24,Tech Talk,0,1,1080,0,0
41,Female,34,48.05,Seminar,0,1,722,0,0
22,Female,31,26.55,Seminar,1,1,779,1,1
51,Male,29,48.89,Workshop,3,0,1233,0,1
23,Female,38,38.11,Tech Talk,5,1,528,0,1
19,Female,11,8.92,Workshop,7,1,797,1,1
30,Female,17,24.37,Cultural,2,1,343,1,1
28,Male,20,36.2,Cultural,0,1,1302,0,1
40,Male,12,13.12,Tech Talk,2,0,208,0,0
33,Male,20,32.39,Tech Talk,2,1,640,0,1
48,Female,7,33.66,Cultural,4,1,1358,0,1
28,Male,39,8.97,Tech Talk,3,0,1311,1,1
33,Male,6,28.69,Seminar,3,1,251,1,0
25,Male,22,38.81,Seminar,8,1,1288,0,1
21,Male,31,25.45,Tech Talk,6,0,270,0,1
57,Male,10,1.59,Cultural,3,0,919,0,1
21,Male,21,1.44,Workshop,2,0,418,1,0
42,Female,21,18.49,Tech Talk,5,1,794,0,0
20,Female,24,46.38,Tech Talk,2,1,1234,0,0
49,Male,21,12.21,Workshop,5,0,1388,1,0
20,Male,27,32.08,Tech Talk,8,0,1099,1,1
44,Female,28,11.88,Workshop,5,0,1344,0,1
46,Female,12,16.76,Cultural,3,1,724,0,1
49,Male,17,42.55,Seminar,4,1,432,1,1
36,Male,1,36.71,Cultural,5,0,108,0,0
38,Male,28,5.67,Seminar,2,1,640,0,0
22,Male,20,22.01,Workshop,7,0,1070,1,1
35,Female,14,2.43,Seminar,3,1,378,1,1
45,Male,26,24.56,Cultural,7,1,1119,1,1
59,Male,30,33.46,Seminar,9,1,957,0,0
39,Male,14,6.81,Workshop,9,1,102,1,1
38,Male,22,15.16,Seminar,2,0,891,1,0
23,Female,23,20.49,Tech Talk,9,1,853,0,1
18,Female,12,46.06,Cultural,6,1,1169,0,0
22,Female,21,49.67,Tech Talk,8,0,1050,1,0
58,Male,36,3.2,Workshop,3,1,529,1,1
29,Male,32,38.29,Seminar,7,0,678,0,1
43,Female,2,19.21,Tech Talk,2,0,988,0,1
51,Male,18,20.23,Tech Talk,6,1,1105,1,1
31,Male,22,37.96,Seminar,2,1,427,1,1
43,Female,28,46.0,Seminar,6,0,821,0,0
44,Female,29,47.6,Cultural,9,0,1185,1,1
26,Female,38,29.28,Tech Talk,9,0,931,0,0
43,Female,24,18.5,Tech Talk,5,1,1425,1,1
39,Male,36,39.59,Workshop,1,0,1061,0,1
47,Male,7,13.3,Cultural,2,0,510,0,0
34,Female,15,28.64,Workshop,5,0,392,1,1
43,Male,7,18.57,Tech Talk,3,1,712,1,1
53,Female,0,33.17,Workshop,5,0,493,0,1
18,Female,4,12.78,Tech Talk,0,1,1223,1,0
25,Male,2,10.39,Tech Talk,9,1,1278,1,1
52,Female,0,45.99,Workshop,0,0,1202,1,0
32,Male,3,5.99,Workshop,2,1,546,0,0
39,Male,39,25.79,Seminar,7,0,593,1,1
31,Male,34,11.82,Seminar,7,1,388,1,1
43,Male,31,2.91,Seminar,3,1,1421,0,1
45,Female,33,2.76,Tech Talk,5,0,157,1,1
40,Male,24,9.59,Workshop,7,0,1027,1,0
31,Female,9,43.47,Cultural,6,0,166,0,1
41,Female,20,14.84,Tech Talk,6,1,1491,0,1
19,Female,38,47.57,Cultural,3,1,959,1,1
43,Female,26,29.5,Workshop,8,0,408,1,0
31,Male,26,22.39,Tech Talk,9,0,1435,0,1
24,Male,1,29.42,Cultural,5,1,1227,0,1
20,Female,12,26.32,Cultural,2,1,193,1,0
40,Female,8,38.18,Seminar,4,1,234,1,0
35,Male,35,14.84,Seminar,4,0,717,1,1
55,Female,21,18.3,Seminar,4,1,1173,0,1
52,Male,25,44.81,Tech Talk,7,0,1182,1,0
32,Female,11,47.38,Workshop,8,1,1302,0,0
42,Male,16,44.74,Workshop,8,1,815,0,1
54,Female,13,21.55,Seminar,5,0,403,0,1
45,Female,13,39.24,Seminar,5,0,892,1,1
27,Male,33,24.34,Seminar,8,0,677,1,0
56,Female,19,25.38,Cultural,3,1,1334,1,0
34,Female,10,11.03,Seminar,5,1,67,0,1
56,Male,15,29.97,Cultural,3,1,1486,1,1
39,Female,30,10.12,Workshop,0,0,87,0,0
43,Male,5,17.25,Tech Talk,6,1,216,0,1
42,Male,18,42.9,Tech Talk,9,0,0,0,1
34,Female,36,11.15,Tech Talk,5,0,1158,0,1
30,Female,3,4.49,Tech Talk,8,0,1374,0,1
37,Female,3,4.38,Cultural,6,1,139,0,1
42,Female,19,47.1,Cultural,6,1,617,1,0
21,Female,9,25.84,Seminar,1,0,132,0,1
27,Female,23,21.06,Cultural,8,1,177,1,1
20,Female,34,40.73,Seminar,9,0,809,0,1
58,Male,25,41.96,Seminar,8,0,1381,1,1
35,Female,36,17.28,Tech Talk,5,1,379,1,1
53,Male,37,34.99,Cultural,2,0,907,1,1
39,Female,20,38.79,Cultural,0,0,657,1,0
51,Female,39,33.08,Seminar,3,1,449,0,1
25,Male,38,8.43,Seminar,2,0,585,0,1
57,Female,20,43.92,Workshop,0,0,462,0,1
36,Female,9,27.42,Workshop,2,0,989,0,0
59,Male,37,14.84,Seminar,3,0,1131,1,0
58,Female,3,21.84,Workshop,7,0,121,1,1
54,Female,19,2.84,Workshop,8,0,16,1,0
23,Female,16,7.27,Seminar,2,0,1219,0,1
43,Male,6,38.51,Seminar,5,1,326,1,0
51,Female,3,1.0,Cultural,9,1,317,0,1
23,Female,28,21.41,Seminar,4,0,808,1,0
54,Female,13,26.6,Seminar,5,0,1275,1,1
50,Female,2,3.68,Tech Talk,3,1,502,1,1
39,Male,23,48.68,Cultural,9,1,118,1,0
38,Male,36,12.08,Cultural,5,1,709,1,1
23,Female,15,15.91,Cultural,6,1,44,0,1
23,Female,3,15.89,Tech Talk,8,1,313,1,1
21,Male,23,12.29,Seminar,9,0,1202,0,1
47,Male,33,1.07,Cultural,6,1,417,0,1
28,Female,29,36.74,Cultural,5,1,555,0,1
47,Male,17,48.38,Workshop,0,1,1101,0,0
48,Female,18,11.99,Cultural,1,0,325,0,0
41,Male,30,33.49,Seminar,0,0,1380,0,0
26,Male,18,37.35,Seminar,8,0,1439,0,1
20,Male,18,42.57,Workshop,9,0,514,0,0
48,Male,21,21.71,Cultural,9,0,213,1,1
57,Female,23,15.84,Cultural,8,0,73,1,1
54,Male,11,16.94,Cultural,6,1,508,0,1
53,Male,29,35.92,Tech Talk,1,0,331,0,0
41,Female,37,41.02,Cultural,5,0,1116,0,1
48,Male,30,9.9,Seminar,3,1,687,1,0
23,Male,35,19.18,Seminar,0,0,656,1,1
19,Female,18,45.2,Tech Talk,0,1,1292,0,1
37,Male,35,40.53,Tech Talk,4,1,1399,0,0
45,Female,29,49.26,Cultural,1,0,1027,1,0
28,Female,32,37.96,Workshop,3,1,1161,1,1
21,Female,17,20.27,Tech Talk,0,1,1254,0,0
32,Female,27,29.94,Tech Talk,3,1,599,0,0
23,Male,10,33.39,Cultural,5,1,1075,0,1
47,Female,32,4.84,Cultural,9,0,324,0,1
55,Male,16,27.68,Tech Talk,3,1,991,1,0
19,Male,5,35.76,Workshop,0,0,716,1,0
32,Male,3,9.2,Tech Talk,6,1,722,0,1
28,Male,19,39.25,Cultural,1,1,276,0,0
25,Male,26,29.6,Cultural,8,1,535,0,0
43,Male,14,47.66,Tech Talk,2,0,151,1,0
22,Male,5,3.08,Workshop,7,0,954,0,1
23,Male,13,14.0,Tech Talk,7,0,258,0,1
43,Male,10,30.48,Tech Talk,2,1,323,0,1
21,Male,38,15.53,Cultural,3,1,1016,1,1
36,Female,8,36.01,Workshop,1,1,868,0,0
37,Female,25,38.19,Seminar,3,1,1191,1,0
50,Female,15,6.02,Workshop,8,0,687,0,1
37,Male,4,26.18,Tech Talk,1,1,309,0,1
29,Female,9,25.94,Tech Talk,2,0,802,0,1
18,Female,2,19.09,Tech Talk,3,1,1079,1,1
43,Female,12,46.71,Workshop,4,0,619,0,1
31,Male,29,41.55,Cultural,0,0,472,0,0
55,Male,5,35.16,Tech Talk,6,1,1319,1,1
54,Male,16,36.0,Tech Talk,9,1,460,1,1
28,Male,18,23.62,Workshop,6,0,1347,1,1
53,Female,34,46.13,Seminar,8,1,813,0,1
30,Female,25,35.04,Seminar,3,1,845,1,1
20,Female,4,36.72,Cultural,5,0,1164,0,1
50,Female,28,43.22,Cultural,1,0,666,1,1
23,Male,36,14.43,Tech Talk,3,0,261,1,1
27,Male,19,40.55,Workshop,1,0,1443,1,0
22,Male,20,10.57,Tech Talk,9,1,1264,0,1
40,Female,9,17.92,Cultural,4,0,354,0,0
27,Male,4,17.44,Workshop,6,0,769,0,0
19,Male,35,48.95,Workshop,0,0,179,0,0
30,Female,5,42.97,Cultural,9,1,65,0,1
57,Female,25,35.36,Seminar,9,0,819,0,0
19,Male,3,36.63,Seminar,6,1,1371,0,1
37,Male,38,28.54,Workshop,9,0,170,0,1
18,Male,38,47.41,Tech Talk,5,0,473,0,0
54,Male,34,25.32,Seminar,5,1,533,1,1
26,Male,0,19.65,Tech Talk,7,0,1390,1,1
34,Male,23,8.99,Seminar,7,0,1130,0,1
26,Female,35,39.52,Seminar,5,1,438,0,1
28,Female,5,36.99,Tech Talk,2,0,834,0,0
32,Female,30,19.83,Cultural,4,0,226,0,1
41,Male,19,2.23,Seminar,1,0,1467,1,0
55,Female,23,42.11,Seminar,4,0,441,1,0
52,Male,24,1.56,Tech Talk,8,1,395,0,1
47,Male,35,35.48,Cultural,9,0,727,1,1
48,Female,20,48.54,Seminar,0,1,83,1,0
22,Male,29,22.45,Seminar,9,0,1036,0,0
31,Male,23,12.51,Cultural,4,1,692,0,0
28,Female,29,35.54,Seminar,5,0,492,0,1
26,Female,21,41.04,Cultural,6,1,1291,0,1
51,Female,27,27.78,Cultural,8,0,1143,1,1
29,Male,6,48.38,Tech Talk,5,1,969,0,0
52,Female,34,3.53,Workshop,4,1,352,1,1
52,Female,27,25.73,Cultural,6,0,1080,0,0
18,Male,13,36.2,Tech Talk,0,1,39,1,1
57,Female,9,43.27,Workshop,4,0,1359,0,1
39,Female,15,9.78,Seminar,1,0,639,0,1
46,Female,15,40.2,Workshop,3,0,172,1,1
25,Male,30,28.08,Cultural,6,0,258,1,1
28,Male,24,20.43,Cultural,4,0,516,1,0
58,Male,12,7.45,Cultural,5,1,729,0,1
54,Male,5,43.4,Cultural,1,0,522,1,0
31,Female,8,8.71,Cultural,2,0,838,1,1
47,Male,35,16.18,Tech Talk,6,0,116,1,1
52,Male,19,15.21,Cultural,1,0,183,1,1
38,Female,17,43.7,Tech Talk,5,0,1139,1,0
54,Female,20,33.96,Seminar,4,0,161,1,1
22,Female,3,40.04,Cultural,9,1,542,1,1
36,Male,32,13.27,Cultural,0,1,1260,1,1
31,Male,26,31.62,Workshop,9,0,838,1,0
43,Male,6,29.02,Seminar,3,1,1089,0,0
21,Female,5,41.81,Cultural,1,0,1093,0,0
42,Female,14,45.4,Cultural,3,0,446,1,0
59,Male,17,1.6,Seminar,0,0,415,0,1
42,Female,31,34.03,Tech Talk,1,0,531,0,0
35,Female,10,3.54,Cultural,7,0,440,1,1
57,Female,19,27.89,Workshop,5,1,737,1,1
25,Male,23,15.09,Cultural,1,1,463,1,0
56,Female,14,16.03,Workshop,5,1,395,1,0
57,Female,6,18.29,Workshop,9,1,710,1,1
31,Male,20,31.44,Cultural,8,0,394,1,1
49,Male,25,17.37,Cultural,6,1,325,0,1
55,Female,13,36.9,Workshop,8,0,1114,1,1
50,Female,36,20.82,Seminar,4,1,749,0,1
40,Male,20,4.35,Seminar,6,1,1093,1,1
32,Male,17,39.4,Cultural,6,1,1189,1,1
50,Female,4,15.0,Tech Talk,2,1,641,0,0
42,Female,2,22.21,Seminar,6,0,213,1,1
34,Female,22,34.59,Cultural,0,1,1358,1,0
50,Female,25,17.29,Seminar,8,1,368,0,1
19,Male,36,3.77,Tech Talk,9,0,48,1,1
31,Female,23,19.32,Cultural,5,0,1075,0,1
57,Female,18,47.28,Tech Talk,4,1,1312,1,0
57,Male,24,32.44,Cultural,6,0,1262,1,0
56,Female,20,33.9,Tech Talk,4,0,132,0,1
23,Male,11,31.98,Seminar,9,0,998,1,1
23,Female,32,10.75,Seminar,4,1,785,0,0
20,Female,3,21.5,Tech Talk,9,0,1189,0,1
24,Male,6,37.8,Tech Talk,6,1,1397,0,0
25,Male,21,5.97,Tech Talk,9,1,372,1,1
59,Female,32,14.61,Cultural,6,1,478,1,1
32,Female,16,14.54,Seminar,2,1,831,0,1
46,Female,23,22.17,Cultural,2,0,649,1,0
50,Male,33,49.04,Seminar,9,1,681,1,1
47,Female,27,4.31,Workshop,2,0,687,1,1
56,Male,38,26.42,Cultural,5,1,1323,0,1
44,Male,21,9.79,Seminar,5,0,81,1,0
53,Female,16,48.56,Seminar,2,1,86,0,0
46,Male,33,6.55,Cultural,2,0,224,1,1
55,Female,5,20.78,Cultural,7,1,15,1,1
50,Female,5,37.16,Seminar,7,1,821,0,0
54,Female,33,35.52,Cultural,6,0,1381,1,1
44,Female,0,21.71,Tech Talk,9,1,162,0,1
50,Female,9,17.98,Cultural,3,1,513,1,1
21,Male,20,20.48,Cultural,3,1,349,0,0
39,Male,4,13.95,Cultural,2,0,680,1,0
19,Female,1,11.06,Seminar,4,1,1487,1,0
27,Female,21,24.67,Tech Talk,2,1,1398,1,1
22,Male,1,14.16,Workshop,7,0,1115,0,0
27,Male,9,15.09,Workshop,6,0,180,0,1
50,Male,33,33.18,Tech Talk,2,0,742,0,0
55,Male,15,48.46,Tech Talk,8,0,1324,1,1
30,Female,38,30.58,Tech Talk,4,0,659,0,1
48,Female,21,4.77,Seminar,8,1,1212,0,1
53,Male,11,4.7,Workshop,6,1,1337,0,1
41,Female,23,47.62,Tech Talk,6,1,492,0,0
32,Male,39,15.57,Seminar,5,0,922,0,0
46,Female,37,5.51,Workshop,1,1,127,0,0
25,Male,9,30.35,Cultural,8,0,1449,0,1
22,Female,34,31.56,Seminar,5,0,564,0,1
